{"stats":{"minecraft:mined":{"minecraft:light_blue_stained_glass_pane":4,"minecraft:blue_stained_glass_pane":2,"minecraft:crafting_table":1,"minecraft:gray_stained_glass":6,"minecraft:white_stained_glass_pane":6,"minecraft:dead_bush":1,"minecraft:sand":13,"minecraft:glass":4,"minecraft:oak_planks":5},"minecraft:custom":{"minecraft:time_since_rest":6783,"minecraft:damage_absorbed":25,"minecraft:interact_with_furnace":1,"minecraft:sprint_one_cm":35187,"minecraft:damage_taken":730,"minecraft:walk_one_cm":81086,"minecraft:mob_kills":4,"minecraft:drop":3,"minecraft:damage_dealt":320,"minecraft:swim_one_cm":1865,"minecraft:fly_one_cm":9458,"minecraft:open_chest":3,"minecraft:play_time":14708,"minecraft:deaths":2,"minecraft:sneak_time":6,"minecraft:walk_under_water_one_cm":1161,"minecraft:jump":116,"minecraft:walk_on_water_one_cm":3148,"minecraft:time_since_death":6748,"minecraft:climb_one_cm":9391,"minecraft:total_world_time":14708,"minecraft:fall_one_cm":3828},"minecraft:killed":{"minecraft:zombie":2,"alexsmobs:crocodile":1,"minecraft:pig":1},"minecraft:picked_up":{"minecraft:crafting_table":1,"marbledsarsenal:police_baton":1,"minecraft:porkchop":2,"minecraft:sand":13,"minecraft:diamond_horse_armor":1,"marbledsarsenal:cm6m_gas_mask":1,"minecraft:music_disc_cat":1,"alexsmobs:animal_dictionary":1,"pointblank:ammo45acp":29,"pointblank:m1911a1":1,"minecraft:leather_boots":1,"minecraft:pumpkin_seeds":1,"minecraft:ender_pearl":1},"minecraft:dropped":{"minecraft:diamond_horse_armor":1,"minecraft:sand":1,"minecraft:music_disc_cat":1},"minecraft:used":{"minecraft:bread":1,"minecraft:ender_pearl":1,"minecraft:stone_axe":21,"minecraft:golden_apple":1,"minecraft:sand":12},"minecraft:killed_by":{"minecraft:zombie":2}},"DataVersion":3465}