{"stats":{"minecraft:dropped":{"projectvibrantjourneys:light_brown_bark_mushroom":1,"minecraft:stone_sword":2,"minecraft:stone_pickaxe":2,"marbledsarsenal:cm6m_gas_mask":1},"minecraft:mined":{"minecraft:furnace":1,"minecraft:crafting_table":2,"k_turrets:titanium_ore":3,"minecraft:grass_block":1,"minecraft:oak_log":8,"minecraft:coal_ore":9,"minecraft:gravel":6,"minecraft:copper_ore":15,"minecraft:cobblestone":1,"minecraft:stone":58},"minecraft:picked_up":{"projectvibrantjourneys:light_brown_bark_mushroom":2,"minecraft:crafting_table":2,"marbledsarsenal:police_baton":1,"minecraft:leather":3,"minecraft:gravel":2,"pointblank:gunmetal_nugget":9,"minecraft:oak_log":8,"marbledsarsenal:cm6m_gas_mask":1,"minecraft:dirt":1,"minecraft:raw_copper":49,"minecraft:bone":2,"minecraft:rotten_flesh":2,"k_turrets:raw_titanium":3,"minecraft:beef":4,"minecraft:oak_planks":8,"minecraft:coal":9,"alexsmobs:flying_fish":1,"minecraft:cobblestone":66,"minecraft:furnace":1},"minecraft:custom":{"minecraft:time_since_rest":1483,"minecraft:interact_with_furnace":3,"minecraft:sprint_one_cm":58810,"minecraft:damage_taken":507,"minecraft:walk_one_cm":44377,"minecraft:mob_kills":9,"minecraft:drop":6,"minecraft:damage_dealt":905,"minecraft:swim_one_cm":4960,"minecraft:interact_with_crafting_table":8,"minecraft:fly_one_cm":45897,"minecraft:open_barrel":1,"minecraft:play_time":22057,"minecraft:deaths":2,"minecraft:sneak_time":8,"minecraft:walk_under_water_one_cm":1312,"minecraft:jump":258,"minecraft:walk_on_water_one_cm":8691,"minecraft:time_since_death":1458,"minecraft:total_world_time":22057,"minecraft:fall_one_cm":5773},"minecraft:killed":{"minecraft:zombie":6,"minecraft:cow":3},"minecraft:used":{"minecraft:stone_sword":14,"minecraft:stone_pickaxe":85,"minecraft:oak_planks":3,"minecraft:wooden_pickaxe":12,"marbledsarsenal:police_baton":9,"minecraft:stone_axe":7,"minecraft:crafting_table":2,"minecraft:furnace":2},"minecraft:killed_by":{"minecraft:zombie":2},"minecraft:crafted":{"minecraft:cooked_beef":4,"minecraft:oak_planks":12,"minecraft:crafting_table":1,"minecraft:stick":20,"minecraft:wooden_pickaxe":1,"minecraft:stone_pickaxe":3,"minecraft:stone_sword":3,"minecraft:furnace":1,"minecraft:stone_axe":1}},"DataVersion":3465}