{"stats":{"minecraft:dropped":{"projectvibrantjourneys:light_brown_bark_mushroom":1,"minecraft:stone_sword":2,"ecologics:coconut_husk":1,"minecraft:stone_pickaxe":2,"marbledsarsenal:cm6m_gas_mask":1},"minecraft:mined":{"minecraft:furnace":1,"minecraft:crafting_table":3,"k_turrets:titanium_ore":3,"projectvibrantjourneys:short_grass":1,"minecraft:grass_block":1,"minecraft:oak_log":11,"minecraft:coal_ore":14,"minecraft:gravel":6,"projectvibrantjourneys:natural_cobweb":1,"minecraft:copper_ore":27,"minecraft:cobblestone":3,"minecraft:stone":70},"minecraft:picked_up":{"projectvibrantjourneys:light_brown_bark_mushroom":2,"minecraft:crafting_table":2,"marbledsarsenal:police_baton":1,"ecologics:coconut_slice":2,"minecraft:leather":4,"minecraft:gravel":2,"pointblank:gunmetal_nugget":9,"minecraft:oak_log":11,"minecraft:string":3,"marbledsarsenal:cm6m_gas_mask":1,"minecraft:dirt":1,"minecraft:raw_copper":95,"pointblank:m1911a1":4,"minecraft:bone":2,"minecraft:rotten_flesh":4,"k_turrets:raw_titanium":3,"minecraft:beef":11,"projectvibrantjourneys:cattail":1,"minecraft:bread":3,"minecraft:oak_planks":8,"minecraft:coal":14,"alexsmobs:flying_fish":1,"minecraft:cobblestone":83,"minecraft:furnace":1},"minecraft:custom":{"minecraft:time_since_rest":13483,"minecraft:interact_with_furnace":4,"minecraft:sprint_one_cm":88412,"minecraft:damage_taken":667,"minecraft:walk_one_cm":109607,"minecraft:mob_kills":14,"minecraft:drop":7,"minecraft:damage_dealt":1421,"minecraft:swim_one_cm":4960,"minecraft:interact_with_crafting_table":11,"minecraft:fly_one_cm":63233,"minecraft:open_barrel":3,"minecraft:play_time":34057,"minecraft:deaths":2,"minecraft:sneak_time":8,"minecraft:walk_under_water_one_cm":1411,"minecraft:jump":412,"minecraft:walk_on_water_one_cm":12496,"minecraft:time_since_death":13458,"minecraft:total_world_time":34057,"minecraft:fall_one_cm":9308},"minecraft:killed":{"minecraft:zombie":7,"minecraft:drowned":1,"minecraft:cow":6},"minecraft:used":{"minecraft:stone_sword":29,"minecraft:bread":3,"minecraft:stone_pickaxe":109,"minecraft:oak_planks":3,"minecraft:wooden_pickaxe":19,"marbledsarsenal:police_baton":9,"ecologics:coconut_slice":1,"minecraft:stone_axe":11,"minecraft:cobblestone":9,"minecraft:crafting_table":3,"minecraft:furnace":3,"minecraft:cooked_beef":2},"minecraft:killed_by":{"minecraft:zombie":2},"minecraft:crafted":{"minecraft:cooked_beef":4,"minecraft:oak_planks":24,"minecraft:crafting_table":2,"minecraft:stick":20,"minecraft:wooden_pickaxe":1,"minecraft:stone_pickaxe":3,"minecraft:chest":1,"minecraft:stone_sword":3,"minecraft:furnace":2,"minecraft:stone_axe":1}},"DataVersion":3465}