{"stats":{"minecraft:mined":{"minecraft:sand":1},"minecraft:custom":{"minecraft:jump":21,"minecraft:time_since_rest":2708,"minecraft:walk_on_water_one_cm":2198,"minecraft:sprint_one_cm":8651,"minecraft:play_time":2708,"minecraft:damage_taken":246,"minecraft:time_since_death":2708,"minecraft:walk_one_cm":4649,"minecraft:walk_under_water_one_cm":394,"minecraft:total_world_time":2708,"minecraft:mob_kills":1,"minecraft:fall_one_cm":538,"minecraft:fly_one_cm":1216},"minecraft:killed":{"alexsmobs:crocodile":1},"minecraft:picked_up":{"minecraft:sand":1},"minecraft:used":{"minecraft:bread":1,"minecraft:sand":1}},"DataVersion":3465}