{"stats":{"minecraft:dropped":{"projectvibrantjourneys:light_brown_bark_mushroom":1,"minecraft:stone_pickaxe":2,"minecraft:stone_sword":2},"minecraft:mined":{"minecraft:oak_log":3,"minecraft:stone":20,"minecraft:crafting_table":1},"minecraft:picked_up":{"projectvibrantjourneys:light_brown_bark_mushroom":1,"minecraft:crafting_table":1,"minecraft:leather":3,"minecraft:beef":4,"minecraft:oak_log":3,"minecraft:oak_planks":8,"minecraft:cobblestone":20},"minecraft:custom":{"minecraft:time_since_rest":10057,"minecraft:play_time":10057,"minecraft:sprint_one_cm":21136,"minecraft:walk_one_cm":14342,"minecraft:sneak_time":8,"minecraft:walk_under_water_one_cm":622,"minecraft:mob_kills":3,"minecraft:drop":5,"minecraft:jump":69,"minecraft:time_since_death":10057,"minecraft:walk_on_water_one_cm":707,"minecraft:total_world_time":10057,"minecraft:swim_one_cm":4960,"minecraft:interact_with_crafting_table":6,"minecraft:fall_one_cm":1672,"minecraft:fly_one_cm":15725},"minecraft:killed":{"minecraft:cow":3},"minecraft:used":{"minecraft:stone_axe":1,"minecraft:crafting_table":1,"minecraft:stone_pickaxe":8,"minecraft:oak_planks":3,"minecraft:wooden_pickaxe":12},"minecraft:crafted":{"minecraft:stone_sword":3,"minecraft:oak_planks":12,"minecraft:stone_axe":1,"minecraft:crafting_table":1,"minecraft:stick":20,"minecraft:wooden_pickaxe":1,"minecraft:stone_pickaxe":3}},"DataVersion":3465}