{"stats":{"minecraft:dropped":{"minecraft:oak_planks":8,"minecraft:stone_pickaxe":1},"minecraft:mined":{"minecraft:grass":1,"minecraft:oak_log":7,"minecraft:decorated_pot":1},"minecraft:picked_up":{"projectvibrantjourneys:light_brown_bark_mushroom":1,"minecraft:stone_sword":1,"minecraft:decorated_pot":1,"minecraft:stone_pickaxe":2,"minecraft:oak_log":7},"minecraft:custom":{"minecraft:time_since_rest":8362,"minecraft:crouch_one_cm":238,"minecraft:sprint_one_cm":28265,"minecraft:play_time":8362,"minecraft:damage_taken":9,"minecraft:walk_one_cm":20804,"minecraft:sneak_time":15,"minecraft:mob_kills":1,"minecraft:drop":2,"minecraft:jump":94,"minecraft:damage_dealt_resisted":140,"minecraft:leave_game":1,"minecraft:time_since_death":8362,"minecraft:total_world_time":8362,"minecraft:interact_with_crafting_table":2,"minecraft:fall_one_cm":2624,"minecraft:fly_one_cm":21988},"minecraft:killed":{"minecraft:zombie":1},"minecraft:used":{"alexsmobs:animal_dictionary":1,"marbledsarsenal:police_baton":1},"minecraft:crafted":{"minecraft:oak_planks":28,"minecraft:stick":8}},"DataVersion":3465}