{"stats":{"minecraft:mined":{"minecraft:sand":6},"minecraft:custom":{"minecraft:time_since_rest":4409,"minecraft:play_time":4409,"minecraft:sprint_one_cm":23729,"minecraft:damage_taken":235,"minecraft:walk_one_cm":9560,"minecraft:sneak_time":20,"minecraft:walk_under_water_one_cm":2553,"minecraft:mob_kills":1,"minecraft:drop":1,"minecraft:jump":140,"minecraft:damage_dealt":40,"minecraft:time_since_death":4409,"minecraft:walk_on_water_one_cm":1785,"minecraft:total_world_time":4409,"minecraft:swim_one_cm":665,"minecraft:fall_one_cm":6364,"minecraft:fly_one_cm":28606},"minecraft:killed":{"hordes:zombie_player":1},"minecraft:picked_up":{"pointblank:m1911a1":1,"minecraft:leather_boots":1,"minecraft:sand":8,"marbledsarsenal:cm6m_gas_mask":2,"alexsmobs:animal_dictionary":1},"minecraft:dropped":{"marbledsarsenal:cm6m_gas_mask":1},"minecraft:used":{"minecraft:bread":3,"alexsmobs:animal_dictionary":1}},"DataVersion":3465}