{"stats":{"minecraft:dropped":{"minecraft:oak_planks":8,"minecraft:stone_pickaxe":1},"minecraft:mined":{"minecraft:grass":1,"minecraft:decorated_pot":1,"minecraft:oak_log":7,"projectvibrantjourneys:short_grass":1,"minecraft:cobblestone":4,"minecraft:stone":44},"minecraft:picked_up":{"projectvibrantjourneys:light_brown_bark_mushroom":1,"minecraft:gravel":4,"pointblank:gunmetal_nugget":6,"minecraft:oak_log":7,"minecraft:gunpowder":1,"marbledsarsenal:cm6m_gas_mask":1,"minecraft:stone_sword":1,"minecraft:bone":3,"minecraft:rotten_flesh":7,"minecraft:decorated_pot":1,"minecraft:stone_pickaxe":2,"minecraft:bread":3,"minecraft:cobblestone":44,"minecraft:ender_pearl":1},"minecraft:custom":{"minecraft:time_since_rest":20362,"minecraft:sprint_one_cm":60831,"minecraft:damage_taken":363,"minecraft:walk_one_cm":62473,"minecraft:mob_kills":9,"minecraft:drop":2,"minecraft:damage_dealt":871,"minecraft:interact_with_crafting_table":3,"minecraft:fly_one_cm":54831,"minecraft:player_kills":1,"minecraft:crouch_one_cm":238,"minecraft:play_time":20362,"minecraft:sneak_time":15,"minecraft:damage_dealt_resisted":140,"minecraft:jump":275,"minecraft:leave_game":1,"minecraft:time_since_death":20362,"minecraft:total_world_time":20362,"minecraft:fall_one_cm":7253},"minecraft:killed":{"minecraft:zombie":6,"hordes:zombie_player":3},"minecraft:used":{"minecraft:stone_sword":6,"minecraft:bread":7,"minecraft:stone_pickaxe":48,"marbledsarsenal:police_baton":16,"minecraft:cobblestone":24,"alexsmobs:animal_dictionary":2},"minecraft:crafted":{"minecraft:oak_planks":28,"minecraft:stick":8,"minecraft:stone_axe":1}},"DataVersion":3465}