{"stats":{"minecraft:mined":{"minecraft:hay_block":13,"minecraft:sand":9},"minecraft:custom":{"minecraft:time_since_rest":6616,"minecraft:interact_with_furnace":1,"minecraft:sprint_one_cm":91023,"minecraft:damage_taken":769,"minecraft:walk_one_cm":39954,"minecraft:mob_kills":10,"minecraft:drop":15,"minecraft:damage_dealt":2004,"minecraft:swim_one_cm":14945,"minecraft:fly_one_cm":89064,"minecraft:open_chest":5,"minecraft:play_time":16409,"minecraft:deaths":1,"minecraft:sneak_time":50,"minecraft:walk_under_water_one_cm":3292,"minecraft:damage_dealt_resisted":615,"minecraft:jump":399,"minecraft:walk_on_water_one_cm":4513,"minecraft:time_since_death":6591,"minecraft:total_world_time":16409,"minecraft:climb_one_cm":3670,"minecraft:fall_one_cm":11784},"minecraft:killed":{"minecraft:husk":2,"minecraft:zombie":4,"hordes:zombie_player":1,"minecraft:iron_golem":1,"hordes:husk_player":1},"minecraft:crafted":{"minecraft:wheat":117},"minecraft:picked_up":{"minecraft:stick":2,"minecraft:crafting_table":2,"minecraft:jungle_door":1,"marbledsarsenal:police_baton":3,"farmersdelight:rice":2,"table_top_craft:chess_piece_figure":1,"pointblank:gunmetal_nugget":10,"sophisticatedbackpacks:backpack":1,"minecraft:enchanted_book":1,"minecraft:diamond_horse_armor":2,"minecraft:sand":23,"farmersdelight:tomato_seeds":2,"minecraft:gunpowder":23,"marbledsarsenal:cm6m_gas_mask":5,"minecraft:music_disc_cat":2,"alexsmobs:animal_dictionary":4,"minecraft:name_tag":1,"pointblank:m1911a1":4,"pointblank:ammo45acp":119,"minecraft:leather_boots":4,"minecraft:pumpkin_seeds":5,"minecraft:bone":7,"minecraft:rotten_flesh":14,"minecraft:hay_block":13,"minecraft:iron_ingot":7,"farmersdelight:rope":12,"minecraft:gold_ingot":4,"minecraft:bread":22,"minecraft:birch_sapling":1,"farmersdelight:cabbage_seeds":2},"minecraft:dropped":{"minecraft:diamond_horse_armor":1,"alexsmobs:animal_dictionary":2,"marbledsarsenal:police_baton":1,"minecraft:leather_boots":2,"pointblank:m1911a1":2,"minecraft:pumpkin_seeds":1,"minecraft:music_disc_cat":1,"pointblank:ammo45acp":29,"marbledsarsenal:cm6m_gas_mask":3},"minecraft:used":{"minecraft:bread":10,"marbledsarsenal:police_baton":69,"minecraft:leather_boots":1,"minecraft:sand":3,"marbledsarsenal:cm6m_gas_mask":1,"alexsmobs:animal_dictionary":1},"minecraft:killed_by":{"minecraft:zombie":1}},"DataVersion":3465}