{"stats":{"minecraft:mined":{"minecraft:cobblestone":3,"minecraft:stone":7},"minecraft:used":{"alexsmobs:animal_dictionary":1,"minecraft:leather_helmet":1,"minecraft:wooden_pickaxe":10,"minecraft:cobblestone":5},"minecraft:picked_up":{"minecraft:cobblestone":10},"minecraft:custom":{"minecraft:jump":59,"minecraft:time_since_rest":21426,"minecraft:crouch_one_cm":112,"minecraft:leave_game":2,"minecraft:play_time":21426,"minecraft:sprint_one_cm":8539,"minecraft:damage_taken":10,"minecraft:time_since_death":21426,"minecraft:walk_one_cm":8093,"minecraft:sneak_time":14,"minecraft:total_world_time":21426,"minecraft:fall_one_cm":1647,"minecraft:fly_one_cm":12747}},"DataVersion":2975}