{"stats":{"minecraft:dropped":{"ecologics:coconut_slice":2,"minecraft:cobblestone":2,"minecraft:oak_planks":8,"minecraft:stone_pickaxe":1},"minecraft:mined":{"minecraft:barrel":2,"psg:sulphur_ore":5,"minecraft:crafting_table":2,"minecraft:torch":1,"k_turrets:titanium_ore":1,"minecraft:grass":2,"minecraft:coal_ore":2,"minecraft:decorated_pot":1,"minecraft:oak_log":7,"projectvibrantjourneys:short_grass":1,"projectvibrantjourneys:natural_cobweb":2,"minecraft:cobblestone":4,"minecraft:stone":98},"minecraft:picked_up":{"projectvibrantjourneys:light_brown_bark_mushroom":2,"minecraft:crafting_table":3,"ecologics:coconut_slice":2,"minecraft:leather":2,"minecraft:torch":1,"minecraft:gravel":7,"psg:sulphur":22,"pointblank:gunmetal_nugget":20,"minecraft:oak_log":7,"minecraft:gunpowder":1,"minecraft:barrel":1,"alexsmobs:animal_dictionary":1,"minecraft:dirt":1,"marbledsarsenal:cm6m_gas_mask":1,"minecraft:stone_sword":1,"minecraft:bone":5,"minecraft:rotten_flesh":8,"minecraft:slime_ball":1,"minecraft:stone_axe":1,"minecraft:decorated_pot":1,"minecraft:beef":1,"minecraft:stone_pickaxe":2,"minecraft:bread":3,"alexsmobs:raccoon_tail":1,"minecraft:oak_sapling":5,"minecraft:coal":2,"alexsmobs:flying_fish":1,"minecraft:cobblestone":98,"minecraft:ender_pearl":1},"minecraft:custom":{"minecraft:time_since_rest":32362,"minecraft:interact_with_furnace":1,"minecraft:sprint_one_cm":97455,"minecraft:damage_taken":373,"minecraft:walk_one_cm":98666,"minecraft:mob_kills":11,"minecraft:drop":6,"minecraft:damage_dealt":1174,"minecraft:interact_with_crafting_table":3,"minecraft:fly_one_cm":119880,"minecraft:player_kills":1,"minecraft:open_barrel":2,"minecraft:crouch_one_cm":385,"minecraft:play_time":32362,"minecraft:sneak_time":48,"minecraft:damage_dealt_resisted":140,"minecraft:jump":578,"minecraft:walk_on_water_one_cm":3180,"minecraft:leave_game":1,"minecraft:time_since_death":32362,"minecraft:total_world_time":32362,"minecraft:fall_one_cm":12873},"minecraft:killed":{"minecraft:zombie":6,"hordes:zombie_player":3,"alexsmobs:raccoon":1,"minecraft:cow":1},"minecraft:used":{"alexsmobs:flying_fish":1,"minecraft:stone_sword":19,"minecraft:bread":8,"minecraft:stone_pickaxe":110,"marbledsarsenal:police_baton":16,"minecraft:rotten_flesh":3,"minecraft:stone_axe":4,"minecraft:cobblestone":24,"minecraft:crafting_table":1,"alexsmobs:animal_dictionary":2},"minecraft:crafted":{"minecraft:oak_planks":28,"minecraft:stick":8,"minecraft:stone_axe":1}},"DataVersion":3465}