{"stats":{"minecraft:mined":{"minecraft:stone":4},"minecraft:used":{"minecraft:leather_helmet":1,"minecraft:wooden_pickaxe":4,"minecraft:cobblestone":2},"minecraft:picked_up":{"minecraft:cobblestone":4},"minecraft:custom":{"minecraft:jump":59,"minecraft:time_since_rest":13799,"minecraft:crouch_one_cm":112,"minecraft:leave_game":1,"minecraft:play_time":13799,"minecraft:sprint_one_cm":8539,"minecraft:damage_taken":10,"minecraft:time_since_death":13799,"minecraft:walk_one_cm":6885,"minecraft:sneak_time":14,"minecraft:total_world_time":13799,"minecraft:fall_one_cm":1647,"minecraft:fly_one_cm":12747}},"DataVersion":2975}