{"stats":{"minecraft:picked_up":{"minecraft:decorated_pot":1},"minecraft:mined":{"minecraft:decorated_pot":1},"minecraft:custom":{"minecraft:jump":42,"minecraft:time_since_rest":2960,"minecraft:crouch_one_cm":238,"minecraft:leave_game":1,"minecraft:sprint_one_cm":12817,"minecraft:play_time":2960,"minecraft:time_since_death":2960,"minecraft:walk_one_cm":8184,"minecraft:sneak_time":15,"minecraft:total_world_time":2960,"minecraft:mob_kills":1,"minecraft:fall_one_cm":1045,"minecraft:fly_one_cm":9511,"minecraft:damage_dealt_resisted":140},"minecraft:killed":{"minecraft:zombie":1},"minecraft:used":{"marbledsarsenal:police_baton":1}},"DataVersion":3465}