{"stats":{"minecraft:mined":{"minecraft:sand":5},"minecraft:custom":{"minecraft:time_since_rest":488,"minecraft:crouch_one_cm":42,"minecraft:walk_one_cm":10293,"minecraft:play_time":2927,"minecraft:sprint_one_cm":1579,"minecraft:damage_taken":298,"minecraft:deaths":1,"minecraft:sneak_time":36,"minecraft:walk_under_water_one_cm":982,"minecraft:mob_kills":1,"minecraft:jump":54,"minecraft:time_since_death":463,"minecraft:walk_on_water_one_cm":174,"minecraft:total_world_time":2927,"minecraft:fall_one_cm":2922,"minecraft:fly_one_cm":7374},"minecraft:killed":{"alexsmobs:rattlesnake":1},"minecraft:picked_up":{"pointblank:ammo45acp":45,"marbledsarsenal:police_baton":1,"pointblank:gunmetal_nugget":3,"minecraft:sand":5,"minecraft:bread":9},"minecraft:used":{"minecraft:sand":1},"minecraft:killed_by":{"alexsmobs:tarantula_hawk":1}},"DataVersion":3465}