{"stats":{"minecraft:dropped":{"minecraft:bread":3,"marbledsarsenal:police_baton":2,"minecraft:rotten_flesh":5,"minecraft:oak_planks":1,"minecraft:flint":1,"minecraft:oak_sapling":2,"marbledsarsenal:cm6m_gas_mask":1},"minecraft:mined":{"minecraft:cobblestone":2,"projectvibrantjourneys:fallen_leaves":1,"minecraft:wall_torch":1,"minecraft:oak_log":24,"projectvibrantjourneys:short_grass":3,"minecraft:gravel":2,"minecraft:dirt":1,"minecraft:stone":68,"minecraft:oak_leaves":1},"minecraft:picked_up":{"minecraft:charcoal":5,"minecraft:crafting_table":1,"minecraft:leather":3,"minecraft:wooden_pickaxe":1,"minecraft:flint":2,"minecraft:oak_log":36,"marbledsarsenal:cm6m_gas_mask":2,"minecraft:dirt":2,"minecraft:string":1,"minecraft:raw_copper":49,"minecraft:leather_boots":2,"minecraft:bone":2,"minecraft:stone_pickaxe":3,"minecraft:oak_planks":2,"minecraft:phantom_membrane":1,"projectvibrantjourneys:light_brown_bark_mushroom":1,"minecraft:oak_slab":4,"minecraft:stick":15,"marbledsarsenal:police_baton":3,"projectvibrantjourneys:bark_mushroom":1,"minecraft:torch":8,"minecraft:gravel":3,"pointblank:gunmetal_nugget":8,"alexsmobs:animal_dictionary":2,"pointblank:ammo45acp":103,"pointblank:m1911a1":2,"minecraft:stone_sword":3,"minecraft:rotten_flesh":14,"minecraft:stone_axe":2,"k_turrets:raw_titanium":3,"minecraft:bread":11,"projectvibrantjourneys:orange_bark_mushroom":2,"minecraft:oak_sapling":12,"minecraft:coal":5,"minecraft:cobblestone":131,"alexsmobs:flying_fish":1},"minecraft:custom":{"minecraft:interact_with_furnace":4,"minecraft:mob_kills":5,"minecraft:interact_with_crafting_table":3,"minecraft:open_barrel":4,"minecraft:time_since_death":5164,"minecraft:time_since_rest":5183,"minecraft:sprint_one_cm":16653,"minecraft:damage_taken":638,"minecraft:walk_one_cm":60245,"minecraft:drop":11,"minecraft:damage_dealt":540,"minecraft:fly_one_cm":34439,"minecraft:crouch_one_cm":13,"minecraft:play_time":14922,"minecraft:deaths":2,"minecraft:sneak_time":7,"minecraft:jump":165,"minecraft:total_world_time":14922,"minecraft:fall_one_cm":4782},"minecraft:killed":{"minecraft:zombie":5},"minecraft:used":{"minecraft:stone_sword":32,"minecraft:stone_pickaxe":70,"minecraft:torch":3,"minecraft:dirt":1,"minecraft:crafting_table":2,"projectvibrantjourneys:bark_mushroom":1,"minecraft:oak_log":2,"minecraft:bread":1,"marbledsarsenal:police_baton":1,"minecraft:barrel":1,"minecraft:stone_axe":15,"projectvibrantjourneys:orange_bark_mushroom":2,"minecraft:cobblestone":17,"minecraft:furnace":1},"minecraft:killed_by":{"minecraft:player":1,"minecraft:zombie":1},"minecraft:crafted":{"minecraft:oak_slab":6,"minecraft:oak_planks":44,"minecraft:barrel":1,"minecraft:crafting_table":1,"minecraft:furnace":1,"minecraft:stone_axe":1,"minecraft:air":0,"minecraft:charcoal":7,"minecraft:stick":8,"minecraft:torch":8}},"DataVersion":3465}