{"stats":{"minecraft:mined":{"minecraft:birch_planks":1,"minecraft:birch_log":47,"minecraft:tnt":9,"minecraft:red_sand":12,"minecraft:sand":11},"minecraft:custom":{"minecraft:time_since_rest":2589,"minecraft:sprint_one_cm":23430,"minecraft:damage_taken":418,"minecraft:walk_one_cm":46399,"minecraft:mob_kills":8,"minecraft:drop":3,"minecraft:damage_dealt":592,"minecraft:swim_one_cm":7534,"minecraft:interact_with_crafting_table":1,"minecraft:fly_one_cm":75310,"minecraft:open_chest":4,"minecraft:crouch_one_cm":771,"minecraft:play_time":14927,"minecraft:deaths":1,"minecraft:sneak_time":857,"minecraft:walk_under_water_one_cm":1345,"minecraft:damage_dealt_resisted":1122,"minecraft:jump":318,"minecraft:walk_on_water_one_cm":989,"minecraft:time_since_death":12463,"minecraft:sleep_in_bed":1,"minecraft:total_world_time":14927,"minecraft:fall_one_cm":11315},"minecraft:killed":{"minecraft:zombie":2,"alexsmobs:tarantula_hawk":1,"hordes:husk_player":2,"alexsmobs:rattlesnake":3},"minecraft:crafted":{"minecraft:crafting_table":1,"minecraft:stick":8,"minecraft:wooden_pickaxe":1,"minecraft:wooden_axe":1,"minecraft:birch_planks":28},"minecraft:picked_up":{"minecraft:birch_log":46,"marbledsarsenal:police_baton":1,"minecraft:birch_planks":1,"pointblank:gunmetal_nugget":9,"minecraft:sand":11,"marbledsarsenal:cm6m_gas_mask":1,"alexsmobs:animal_dictionary":1,"pointblank:ammo45acp":45,"pointblank:m1911a1":1,"minecraft:tnt":9,"minecraft:leather_boots":1,"minecraft:rotten_flesh":2,"minecraft:red_sand":12,"alexsmobs:tarantula_hawk_wing_fragment":1,"minecraft:bread":10,"minecraft:birch_sapling":6},"minecraft:dropped":{"minecraft:bread":1,"minecraft:sand":2},"minecraft:used":{"minecraft:wooden_axe":41,"minecraft:red_sand":12,"minecraft:birch_planks":6,"minecraft:bread":3,"marbledsarsenal:police_baton":36,"minecraft:leather_boots":1,"minecraft:sand":16,"minecraft:crafting_table":1,"marbledsarsenal:cm6m_gas_mask":1,"alexsmobs:animal_dictionary":2},"minecraft:killed_by":{"alexsmobs:tarantula_hawk":1}},"DataVersion":3465}