{"stats":{"minecraft:mined":{"minecraft:oak_log":10,"projectvibrantjourneys:short_grass":2,"minecraft:oak_leaves":1},"minecraft:picked_up":{"minecraft:stone_pickaxe":1,"minecraft:stone_sword":1,"minecraft:oak_log":10,"projectvibrantjourneys:orange_bark_mushroom":2},"minecraft:custom":{"minecraft:jump":23,"minecraft:time_since_rest":2922,"minecraft:damage_dealt":9,"minecraft:sprint_one_cm":1966,"minecraft:play_time":2922,"minecraft:time_since_death":2922,"minecraft:walk_one_cm":4199,"minecraft:total_world_time":2922,"minecraft:fall_one_cm":836,"minecraft:fly_one_cm":5055},"minecraft:used":{"minecraft:oak_log":2,"projectvibrantjourneys:orange_bark_mushroom":2}},"DataVersion":3465}