{"stats":{"minecraft:dropped":{"minecraft:bread":6,"minecraft:stone_axe":1,"marbledsarsenal:police_baton":2,"minecraft:rotten_flesh":5,"minecraft:oak_planks":1,"minecraft:flint":1,"minecraft:oak_sapling":2,"minecraft:slime_ball":1,"marbledsarsenal:cm6m_gas_mask":1},"minecraft:picked_up":{"minecraft:charcoal":5,"minecraft:crafting_table":2,"minecraft:leather":5,"minecraft:wooden_pickaxe":1,"minecraft:flint":2,"minecraft:oak_log":44,"marbledsarsenal:cm6m_gas_mask":2,"minecraft:dirt":2,"minecraft:string":1,"minecraft:raw_copper":49,"minecraft:leather_boots":2,"minecraft:bone":2,"minecraft:wheat_seeds":2,"minecraft:beef":2,"minecraft:stone_pickaxe":3,"minecraft:oak_planks":20,"minecraft:phantom_membrane":1,"minecraft:furnace":2,"projectvibrantjourneys:light_brown_bark_mushroom":2,"minecraft:oak_slab":4,"minecraft:stick":21,"minecraft:raw_iron":3,"marbledsarsenal:police_baton":3,"ecologics:coconut_slice":4,"psg:raw_potassium":3,"projectvibrantjourneys:bark_mushroom":1,"minecraft:dandelion":1,"minecraft:torch":12,"ecologics:coconut_seedling":2,"psg:sulphur":5,"minecraft:gravel":3,"pointblank:gunmetal_nugget":8,"minecraft:barrel":2,"alexsmobs:animal_dictionary":2,"pointblank:ammo45acp":103,"pointblank:m1911a1":2,"minecraft:stone_sword":3,"minecraft:rotten_flesh":17,"minecraft:slime_ball":1,"minecraft:stone_axe":3,"k_turrets:raw_titanium":11,"ecologics:coconut_log":33,"projectvibrantjourneys:cattail":1,"minecraft:bread":11,"projectvibrantjourneys:orange_bark_mushroom":2,"minecraft:oak_sapling":12,"minecraft:coal":8,"minecraft:cobblestone":181,"alexsmobs:flying_fish":1},"minecraft:mined":{"projectvibrantjourneys:cattail":2,"minecraft:dandelion":1,"psg:sulphur_ore":1,"minecraft:crafting_table":1,"minecraft:tall_grass":11,"minecraft:cobblestone":4,"ecologics:coconut_log":33,"projectvibrantjourneys:fallen_leaves":1,"minecraft:wall_torch":4,"minecraft:furnace":2,"minecraft:iron_ore":3,"minecraft:barrel":1,"minecraft:grass":15,"k_turrets:titanium_ore":7,"minecraft:oak_log":32,"projectvibrantjourneys:short_grass":11,"minecraft:gravel":2,"minecraft:dirt":1,"minecraft:stone":103,"minecraft:oak_leaves":1},"minecraft:custom":{"minecraft:interact_with_furnace":8,"minecraft:mob_kills":11,"minecraft:interact_with_crafting_table":5,"minecraft:open_barrel":5,"minecraft:damage_dealt_resisted":24,"minecraft:time_since_death":17164,"minecraft:time_since_rest":17183,"minecraft:sprint_one_cm":35474,"minecraft:damage_taken":743,"minecraft:walk_one_cm":100483,"minecraft:drop":16,"minecraft:damage_dealt":945,"minecraft:swim_one_cm":7725,"minecraft:fly_one_cm":118171,"minecraft:crouch_one_cm":64,"minecraft:play_time":26922,"minecraft:deaths":2,"minecraft:sneak_time":64,"minecraft:walk_under_water_one_cm":447,"minecraft:jump":473,"minecraft:walk_on_water_one_cm":5156,"minecraft:total_world_time":26922,"minecraft:fall_one_cm":10400},"minecraft:killed":{"alexsmobs:seagull":1,"minecraft:zombie":8,"alexsmobs:fly":1,"minecraft:cow":1},"minecraft:used":{"minecraft:stone_sword":81,"minecraft:stone_pickaxe":124,"minecraft:torch":7,"minecraft:dirt":1,"minecraft:crafting_table":3,"projectvibrantjourneys:bark_mushroom":1,"minecraft:oak_log":10,"minecraft:bread":4,"marbledsarsenal:police_baton":1,"minecraft:barrel":3,"minecraft:stone_axe":60,"projectvibrantjourneys:orange_bark_mushroom":2,"minecraft:cobblestone":19,"minecraft:furnace":2},"minecraft:killed_by":{"minecraft:player":1,"minecraft:zombie":1},"minecraft:crafted":{"minecraft:oak_slab":6,"minecraft:oak_planks":56,"minecraft:barrel":3,"minecraft:crafting_table":2,"minecraft:furnace":1,"minecraft:stone_axe":2,"minecraft:air":0,"minecraft:charcoal":7,"minecraft:stick":8,"minecraft:iron_ingot":2,"minecraft:torch":8,"minecraft:shears":1}},"DataVersion":3465}